Date,EnergyPrice
6/01/2015,42.22
7/01/2015,42.61
8/01/2015,42.43
9/01/2015,36.94
10/01/2015,36.25
11/01/2015,30.7
12/01/2015,37.7
13/01/2015,40.87
14/01/2015,39.88
15/01/2015,42.44
16/01/2015,42.25
17/01/2015,36.63
18/01/2015,38
19/01/2015,43.6
20/01/2015,47.79
21/01/2015,45.38
22/01/2015,44.2
23/01/2015,43.62
24/01/2015,39.6
25/01/2015,40.27
26/01/2015,44.26
27/01/2015,39.45
28/01/2015,41.64
29/01/2015,46.56
30/01/2015,41.41
31/01/2015,41.12
1/02/2015,38.3
2/02/2015,43.91
3/02/2015,47.24
4/02/2015,48.54
5/02/2015,44.55
6/02/2015,45.2
7/02/2015,47.97
8/02/2015,41.62
9/02/2015,47.88
10/02/2015,46.77
11/02/2015,50.06
12/02/2015,50.16
13/02/2015,48.98
14/02/2015,44.37
15/02/2015,43.36
16/02/2015,52.64
17/02/2015,46.97
18/02/2015,46.06
19/02/2015,47.06
20/02/2015,49.33
21/02/2015,47.73
22/02/2015,41.05
23/02/2015,45.85
24/02/2015,44
25/02/2015,46.84
26/02/2015,47.87
27/02/2015,48.94
28/02/2015,45.33
1/03/2015,30.46
2/03/2015,46.97
3/03/2015,49.92
4/03/2015,44.43
5/03/2015,48.3
6/03/2015,49.12
7/03/2015,39.86
8/03/2015,34.47
9/03/2015,44.26
10/03/2015,43.39
11/03/2015,46.19
12/03/2015,45.6
13/03/2015,45.55
14/03/2015,43.81
15/03/2015,41.71
16/03/2015,43.64
17/03/2015,45.12
18/03/2015,41.27
19/03/2015,42.55
20/03/2015,42.99
21/03/2015,33.74
22/03/2015,32.57
23/03/2015,43.08
24/03/2015,48.43
25/03/2015,42.68
26/03/2015,42.81
27/03/2015,44.87
28/03/2015,39.54
29/03/2015,30.87
30/03/2015,40.9
31/03/2015,38.81
1/04/2015,40.03
2/04/2015,42.4
3/04/2015,49.54
4/04/2015,38.67
5/04/2015,30.95
6/04/2015,33.16
7/04/2015,45.84
8/04/2015,48.82
9/04/2015,44.64
10/04/2015,43.62
11/04/2015,37.01
12/04/2015,30.61
13/04/2015,48.96
14/04/2015,43.88
15/04/2015,45.28
16/04/2015,43.43
17/04/2015,48.79
18/04/2015,34.41
19/04/2015,32.63
20/04/2015,40.12
21/04/2015,41.67
22/04/2015,43.67
23/04/2015,43.38
24/04/2015,42.68
25/04/2015,39.45
26/04/2015,39.88
27/04/2015,37.23
28/04/2015,42.99
29/04/2015,42.76
30/04/2015,44.43
1/05/2015,42.66
2/05/2015,35.23
3/05/2015,27.33
4/05/2015,37.23
5/05/2015,30.98
6/05/2015,33.17
7/05/2015,48.26
8/05/2015,47.24
9/05/2015,36.15
10/05/2015,44.82
11/05/2015,46.59
12/05/2015,45.28
13/05/2015,40.78
14/05/2015,39.01
15/05/2015,45.97
16/05/2015,46.31
17/05/2015,34.32
18/05/2015,43.86
19/05/2015,40.66
20/05/2015,39.4
21/05/2015,37.89
22/05/2015,36.44
23/05/2015,26.42
24/05/2015,23.3
25/05/2015,27.67
26/05/2015,37.66
27/05/2015,36.51
28/05/2015,39.92
29/05/2015,39.76
30/05/2015,27.61
31/05/2015,20.3
1/06/2015,42.49
2/06/2015,33.04
3/06/2015,37.05
4/06/2015,46.65
5/06/2015,43.32
6/06/2015,39.47
7/06/2015,33.55
8/06/2015,38.36
9/06/2015,36.27
10/06/2015,35.52
11/06/2015,40.14
12/06/2015,41.18
13/06/2015,26.64
14/06/2015,24.16
15/06/2015,39.08
16/06/2015,42.18
17/06/2015,39.25
18/06/2015,41.54
19/06/2015,41.78
20/06/2015,43.55
21/06/2015,29.6
22/06/2015,38.98
23/06/2015,46.63
24/06/2015,41.81
25/06/2015,43.8
26/06/2015,48.57
27/06/2015,31.71
28/06/2015,32.15
29/06/2015,39.47
30/06/2015,43.46
1/07/2015,44.28
2/07/2015,45.32
3/07/2015,53.48
4/07/2015,38.08
5/07/2015,33.13
6/07/2015,47.17
7/07/2015,49.78
8/07/2015,41.52
9/07/2015,41.85
10/07/2015,43.62
11/07/2015,40.97
12/07/2015,30.14
13/07/2015,43.42
14/07/2015,44.45
15/07/2015,48.31
16/07/2015,52.25
17/07/2015,44.32
18/07/2015,40.14
19/07/2015,33.53
20/07/2015,47.64
21/07/2015,48.64
22/07/2015,46.79
23/07/2015,46.83
24/07/2015,45.78
25/07/2015,31.69
26/07/2015,34.6
27/07/2015,35.99
28/07/2015,33.67
29/07/2015,33.7
30/07/2015,44.99
31/07/2015,41.15
1/08/2015,30.57
2/08/2015,29.91
3/08/2015,39.38
4/08/2015,42.14
5/08/2015,39.29
6/08/2015,40.7
7/08/2015,40.65
8/08/2015,29.54
9/08/2015,28.47
10/08/2015,39.33
11/08/2015,43.03
12/08/2015,40.25
13/08/2015,39.52
14/08/2015,39.56
15/08/2015,40.5
16/08/2015,36.16
17/08/2015,41.87
18/08/2015,41.95
19/08/2015,41.74
20/08/2015,41.82
21/08/2015,43.22
22/08/2015,41
23/08/2015,26.62
24/08/2015,42.67
25/08/2015,39.35
26/08/2015,38.13
27/08/2015,37.49
28/08/2015,45.64
29/08/2015,43.49
30/08/2015,36.72
31/08/2015,44.32
1/09/2015,44.72
2/09/2015,42.33
3/09/2015,41.59
4/09/2015,42.85
5/09/2015,42.23
6/09/2015,40.04
7/09/2015,39.44
8/09/2015,40.36
9/09/2015,42.46
10/09/2015,42.4
11/09/2015,38.57
12/09/2015,40.15
13/09/2015,27.93
14/09/2015,39.41
15/09/2015,34.93
16/09/2015,34.81
17/09/2015,40.66
18/09/2015,39.81
19/09/2015,33.79
20/09/2015,34.4
21/09/2015,39.88
22/09/2015,36.2
23/09/2015,42.04
24/09/2015,39.81
25/09/2015,43.62
26/09/2015,42.98
27/09/2015,41.57
28/09/2015,40.31
29/09/2015,40.07
30/09/2015,40.7
1/10/2015,41.81
2/10/2015,40.78
3/10/2015,39.9
4/10/2015,43.29
5/10/2015,43.02
6/10/2015,39.53
7/10/2015,40.99
8/10/2015,48.76
9/10/2015,45.96
10/10/2015,39.77
11/10/2015,38.9
12/10/2015,43.73
13/10/2015,40.91
14/10/2015,37.99
15/10/2015,38.04
16/10/2015,38.23
17/10/2015,40.72
18/10/2015,38.36
19/10/2015,47.63
20/10/2015,44.32
21/10/2015,39.67
22/10/2015,38.35
23/10/2015,39.43
24/10/2015,41.86
25/10/2015,37.94
26/10/2015,40.5
27/10/2015,41.61
28/10/2015,43.06
29/10/2015,49.14
30/10/2015,43.23
31/10/2015,37.06
1/11/2015,33.91
2/11/2015,39.75
3/11/2015,41.27
4/11/2015,42.25
5/11/2015,44
6/11/2015,37.57
7/11/2015,37.66
8/11/2015,38.18
9/11/2015,36.07
10/11/2015,35.5
11/11/2015,36.96
12/11/2015,37.76
13/11/2015,34.81
14/11/2015,36.21
15/11/2015,33.49
16/11/2015,34.7
17/11/2015,35.31
18/11/2015,35.42
19/11/2015,35.97
20/11/2015,39.71
21/11/2015,33.42
22/11/2015,38.18
23/11/2015,50.33
24/11/2015,37.42
25/11/2015,42.79
26/11/2015,51.05
27/11/2015,37.98
28/11/2015,38.06
29/11/2015,39.26
30/11/2015,38.51
1/12/2015,40.84
2/12/2015,37.61
3/12/2015,41.06
4/12/2015,38.75
5/12/2015,36.33
6/12/2015,32.19
7/12/2015,40.88
8/12/2015,35.6
9/12/2015,35.61
10/12/2015,32.11
11/12/2015,33.12
12/12/2015,33.89
13/12/2015,34.73
14/12/2015,42.1
15/12/2015,42.61
16/12/2015,37.04
17/12/2015,32.76
18/12/2015,33.5
19/12/2015,34.76
20/12/2015,26.48
21/12/2015,33.06
22/12/2015,29.8
23/12/2015,28.4
24/12/2015,29
25/12/2015,27.22
26/12/2015,25.17
27/12/2015,26.23
28/12/2015,31.53
29/12/2015,33.76
30/12/2015,30.93
31/12/2015,28.5
1/01/2016,44.09
2/01/2016,28.39
3/01/2016,23.79
4/01/2016,30.18
5/01/2016,33.14
6/01/2016,33.73
7/01/2016,34.05
8/01/2016,31.17
9/01/2016,28.9
10/01/2016,21.94
11/01/2016,33.46
12/01/2016,29.96
13/01/2016,29.62
14/01/2016,33.18
15/01/2016,35.9
16/01/2016,28.86
17/01/2016,27.85
18/01/2016,39.92
19/01/2016,49.18
20/01/2016,52.61
21/01/2016,52.03
22/01/2016,32.99
23/01/2016,28.19
24/01/2016,26.78
25/01/2016,28.38
26/01/2016,29.47
27/01/2016,27.44
28/01/2016,27.04
29/01/2016,28.22
30/01/2016,24.68
31/01/2016,21.94
1/02/2016,26.16
2/02/2016,25.91
3/02/2016,26.03
4/02/2016,26.63
5/02/2016,28.1
6/02/2016,19.16
7/02/2016,17.64
8/02/2016,23.84
9/02/2016,24.71
10/02/2016,26.28
11/02/2016,27.54
12/02/2016,28.59
13/02/2016,25.02
14/02/2016,18.85
15/02/2016,24.92
16/02/2016,32.71
17/02/2016,29.45
18/02/2016,29.3
19/02/2016,27.66
20/02/2016,23.44
21/02/2016,16.81
22/02/2016,24.33
23/02/2016,26.85
24/02/2016,27.56
25/02/2016,27.86
26/02/2016,28.09
27/02/2016,23.37
28/02/2016,18.86
29/02/2016,24.86
1/03/2016,26.2
2/03/2016,26.44
3/03/2016,28.45
4/03/2016,26.72
5/03/2016,25.65
6/03/2016,21.61
7/03/2016,29.91
8/03/2016,28.43
9/03/2016,26.23
10/03/2016,27.53
11/03/2016,28.29
12/03/2016,27.81
13/03/2016,23.22
14/03/2016,27.51
15/03/2016,27.91
16/03/2016,26.49
17/03/2016,29.37
18/03/2016,28.13
19/03/2016,25.45
20/03/2016,25.68
21/03/2016,27.37
22/03/2016,29.11
23/03/2016,27.72
24/03/2016,28.04
25/03/2016,26.34
26/03/2016,20.42
27/03/2016,16.5
28/03/2016,15.43
29/03/2016,27.01
30/03/2016,27.16
31/03/2016,27.96
1/04/2016,27.61
2/04/2016,23.59
3/04/2016,20.01
4/04/2016,27.09
5/04/2016,26.87
6/04/2016,23.12
7/04/2016,23.64
8/04/2016,28.35
9/04/2016,24.28
10/04/2016,21.99
11/04/2016,23.91
12/04/2016,29
13/04/2016,28.42
14/04/2016,26.74
20/04/2016,24.89
21/04/2016,26.88
22/04/2016,27.11
23/04/2016,22.8
24/04/2016,17.18
25/04/2016,27.44
26/04/2016,28.22
27/04/2016,26.18
28/04/2016,32.48
29/04/2016,29.68
30/04/2016,24.79
1/05/2016,20
2/05/2016,29.65
3/05/2016,29.28
4/05/2016,27.67
5/05/2016,20.39
6/05/2016,26.76
7/05/2016,19.54
8/05/2016,15.37
9/05/2016,23.69
10/05/2016,27.9
11/05/2016,29.21
12/05/2016,29.55
13/05/2016,27.37
14/05/2016,20.98
15/05/2016,24.17
16/05/2016,24.84
17/05/2016,31.27
18/05/2016,30.7
19/05/2016,33.37
20/05/2016,28.69
21/05/2016,25.12
22/05/2016,27.57
23/05/2016,29.56
24/05/2016,29.46
25/05/2016,35.82
26/05/2016,32.25
27/05/2016,33.4
28/05/2016,28.59
29/05/2016,22.26
30/05/2016,28.24
31/05/2016,30.27
1/06/2016,32.12
2/06/2016,30.63
3/06/2016,32.29
4/06/2016,26.23
5/06/2016,22.72
6/06/2016,33.78
7/06/2016,32.25
8/06/2016,29.45
9/06/2016,32.23
10/06/2016,34.04
11/06/2016,27.76
12/06/2016,27.8
13/06/2016,39.86
14/06/2016,34.56
15/06/2016,42.71
16/06/2016,37.99
17/06/2016,37.41
18/06/2016,30.3
19/06/2016,27.18
20/06/2016,31.9
21/06/2016,33.47
22/06/2016,35.28
23/06/2016,38.66
24/06/2016,39.87
25/06/2016,32.46
26/06/2016,23.09
27/06/2016,34.73
28/06/2016,33.57
29/06/2016,31.07
30/06/2016,32.21
1/07/2016,31.54
2/07/2016,22.42
3/07/2016,23.76
4/07/2016,41.66
5/07/2016,34.07
6/07/2016,37.29
7/07/2016,34.37
8/07/2016,33.94
9/07/2016,28.07
10/07/2016,28.47
11/07/2016,32.15
12/07/2016,38
13/07/2016,35.75
14/07/2016,31.52
15/07/2016,31.31
16/07/2016,27.42
17/07/2016,26.9
18/07/2016,36.37
19/07/2016,37.72
20/07/2016,39.28
21/07/2016,39.75
22/07/2016,40.22
23/07/2016,37.21
24/07/2016,28.07
25/07/2016,36.6
26/07/2016,36.91
27/07/2016,34.53
28/07/2016,35.07
29/07/2016,30.75
30/07/2016,28.26
31/07/2016,26.04
1/08/2016,30.53
2/08/2016,32.55
3/08/2016,29.71
4/08/2016,28.66
5/08/2016,31.55
6/08/2016,28.45
7/08/2016,21.1
8/08/2016,25.31
9/08/2016,28.77
10/08/2016,28.1
11/08/2016,28.65
12/08/2016,28.02
13/08/2016,22.35
14/08/2016,22.3
15/08/2016,28.02
16/08/2016,29.35
17/08/2016,28.03
18/08/2016,30.55
19/08/2016,30.39
20/08/2016,24.81
21/08/2016,17.54
22/08/2016,27.1
23/08/2016,31.48
24/08/2016,30.67
25/08/2016,37.36
26/08/2016,32.13
27/08/2016,28.07
28/08/2016,23.64
29/08/2016,32.14
30/08/2016,32.04
31/08/2016,29.71
1/09/2016,32.46
2/09/2016,28.59
3/09/2016,27.99
4/09/2016,24.16
5/09/2016,37.29
6/09/2016,33.74
7/09/2016,34.79
8/09/2016,31.98
9/09/2016,33.54
10/09/2016,27.99
11/09/2016,27.12
12/09/2016,44.66
13/09/2016,47.17
14/09/2016,36.19
15/09/2016,34.48
16/09/2016,32.58
17/09/2016,28.34
18/09/2016,27.33
19/09/2016,34.8
20/09/2016,39.7
21/09/2016,35.53
22/09/2016,34.85
23/09/2016,32.14
24/09/2016,29.18
25/09/2016,25.14
26/09/2016,36.86
27/09/2016,35.24
28/09/2016,29.2
29/09/2016,28.45
30/09/2016,34.11
1/10/2016,31.3
2/10/2016,30.26
3/10/2016,31.14
4/10/2016,31.84
5/10/2016,28.93
6/10/2016,34.71
7/10/2016,37.12
8/10/2016,36.83
9/10/2016,34.78
10/10/2016,47.53
11/10/2016,36.58
12/10/2016,40.34
13/10/2016,35.31
14/10/2016,33.77
15/10/2016,34.49
16/10/2016,35.17
17/10/2016,42.04
18/10/2016,41.7
19/10/2016,43.84
20/10/2016,44.32
21/10/2016,41.86
22/10/2016,38.72
23/10/2016,35.8
24/10/2016,41.03
25/10/2016,43.45
26/10/2016,45.06
27/10/2016,41.67
28/10/2016,40.18
29/10/2016,36.53
30/10/2016,38.1
31/10/2016,43.46
1/11/2016,38.3
2/11/2016,40.51
3/11/2016,47.24
4/11/2016,40.54
5/11/2016,39.78
6/11/2016,38.47
7/11/2016,41.23
8/11/2016,52.73
9/11/2016,47.44
10/11/2016,54.37
11/11/2016,46.74
12/11/2016,39.15
13/11/2016,41.81
14/11/2016,54.34
15/11/2016,52.04
16/11/2016,43.35
17/11/2016,38.78
18/11/2016,40.63
19/11/2016,38.83
20/11/2016,33.99
21/11/2016,40.02
22/11/2016,39.83
23/11/2016,46.31
24/11/2016,39.85
25/11/2016,42.74
26/11/2016,40.68
27/11/2016,37.79
28/11/2016,42.61
29/11/2016,44.61
30/11/2016,40.72
1/12/2016,39.53
2/12/2016,53.93
3/12/2016,38.52
4/12/2016,39.07
5/12/2016,47.86
6/12/2016,53.51
7/12/2016,38.09
8/12/2016,35.17
9/12/2016,36.65
10/12/2016,33.87
11/12/2016,34.22
12/12/2016,49.59
13/12/2016,49.49
14/12/2016,59.16
15/12/2016,48.52
16/12/2016,53.84
17/12/2016,42.97
18/12/2016,40.83
19/12/2016,54.7
20/12/2016,50.6
21/12/2016,39.02
22/12/2016,45.57
23/12/2016,39.31
24/12/2016,41.63
25/12/2016,32.74
26/12/2016,36.41
27/12/2016,37.99
28/12/2016,47
29/12/2016,44.8
30/12/2016,41.5
31/12/2016,41.98
1/01/2017,29.52
2/01/2017,45.15
3/01/2017,41.04
4/01/2017,38.12
5/01/2017,51.64
6/01/2017,47.77
7/01/2017,42.38
8/01/2017,44
9/01/2017,47.99
10/01/2017,53.16
11/01/2017,39.2
12/01/2017,39.81
13/01/2017,42.47
14/01/2017,39.31
15/01/2017,42.63
16/01/2017,62.74
17/01/2017,68.13
18/01/2017,63.9
19/01/2017,63.82
20/01/2017,58.07
21/01/2017,43.66
22/01/2017,43.71
23/01/2017,59.99
24/01/2017,85.59
25/01/2017,65.96
26/01/2017,51.27
27/01/2017,44.27
28/01/2017,41.63
29/01/2017,44.37
30/01/2017,50.9
31/01/2017,66.95
1/02/2017,49.83
2/02/2017,45.18
3/02/2017,47.46
4/02/2017,45.41
5/02/2017,49.11
6/02/2017,61.79
7/02/2017,53.79
8/02/2017,57.7
9/02/2017,55.02
10/02/2017,49.32
11/02/2017,42.37
12/02/2017,35.17
13/02/2017,40.48
14/02/2017,40.55
15/02/2017,44.36
16/02/2017,40.12
17/02/2017,41.94
18/02/2017,39.46
19/02/2017,34.8
20/02/2017,38.38
21/02/2017,38.58
22/02/2017,37.3
23/02/2017,35.97
24/02/2017,39.29
25/02/2017,37.42
26/02/2017,31.25
27/02/2017,37.7
28/02/2017,35.99
1/03/2017,37.36
2/03/2017,34.47
3/03/2017,38.89
4/03/2017,35.9
5/03/2017,31.13
6/03/2017,38.59
7/03/2017,44.58
8/03/2017,36.32
9/03/2017,37.67
10/03/2017,37.01
11/03/2017,33.54
12/03/2017,32.54
13/03/2017,36.47
14/03/2017,35.01
15/03/2017,35.69
16/03/2017,35.44
17/03/2017,34.62
18/03/2017,30.98
19/03/2017,23.6
20/03/2017,33.58
22/03/2017,35.5
23/03/2017,33.44
24/03/2017,34.27
25/03/2017,30.09
26/03/2017,30.42
27/03/2017,35.45
28/03/2017,34.48
29/03/2017,33.23
30/03/2017,33.55
31/03/2017,32.33
1/04/2017,34.25
2/04/2017,31.15
3/04/2017,38.13
4/04/2017,38.6
5/04/2017,34.56
6/04/2017,36.12
7/04/2017,39.3
8/04/2017,34.67
9/04/2017,30.71
10/04/2017,36.4
11/04/2017,38.43
12/04/2017,34.11
13/04/2017,36.49
14/04/2017,38.85
15/04/2017,35.37
16/04/2017,34.05
17/04/2017,30.91
18/04/2017,35.81
19/04/2017,37.5
20/04/2017,35.85
21/04/2017,34.45
22/04/2017,30.9
23/04/2017,35.39
24/04/2017,35.77
25/04/2017,35.86
26/04/2017,38.4
27/04/2017,35.92
28/04/2017,36.27
29/04/2017,36.33
30/04/2017,30.41
1/05/2017,36.99
2/05/2017,35.89
3/05/2017,36.11
4/05/2017,38.84
5/05/2017,37.4
6/05/2017,33.89
7/05/2017,32.43
8/05/2017,34.82
9/05/2017,39.81
10/05/2017,41.67
11/05/2017,38.53
12/05/2017,38.74
13/05/2017,32.07
14/05/2017,29.88
15/05/2017,36.43
16/05/2017,35.22
17/05/2017,34.85
18/05/2017,39.69
19/05/2017,34.66
20/05/2017,30.76
21/05/2017,31.78
22/05/2017,36.05
23/05/2017,34.12
24/05/2017,33.59
25/05/2017,29.57
26/05/2017,32.8
27/05/2017,30.68
28/05/2017,30.15
29/05/2017,38.01
30/05/2017,37.77
31/05/2017,33.76
1/06/2017,37.15
2/06/2017,36.45
3/06/2017,32.61
4/06/2017,27.43
5/06/2017,29.99
6/06/2017,26.39
7/06/2017,28.62
8/06/2017,32.09
9/06/2017,33.4
10/06/2017,31.03
11/06/2017,24.24
12/06/2017,31.45
13/06/2017,35.3
14/06/2017,37.42
15/06/2017,33.09
16/06/2017,31.8
17/06/2017,32.63
18/06/2017,30.27
19/06/2017,38.08
20/06/2017,35.69
21/06/2017,42.46
22/06/2017,39.07
23/06/2017,33.59
24/06/2017,28.24
25/06/2017,28.36
26/06/2017,34.4
27/06/2017,38.43
28/06/2017,35.4
29/06/2017,38.08
30/06/2017,33.94
1/07/2017,34.19
2/07/2017,32.34
3/07/2017,35.89
4/07/2017,38.7
5/07/2017,38.86
6/07/2017,41.44
7/07/2017,37.17
8/07/2017,34.4
9/07/2017,33.13
10/07/2017,39.95
11/07/2017,36.46
12/07/2017,34.64
13/07/2017,34.36
14/07/2017,33.87
15/07/2017,32.5
16/07/2017,30.53
17/07/2017,37.23
19/07/2017,34.69
20/07/2017,36.52
21/07/2017,34.99
22/07/2017,33.32
23/07/2017,31.38
24/07/2017,38.9
25/07/2017,33.48
26/07/2017,33.11
27/07/2017,33.06
28/07/2017,31.98
29/07/2017,27.02
30/07/2017,26.67
31/07/2017,32.75
1/08/2017,34.74
2/08/2017,33.02
3/08/2017,29.14
4/08/2017,31.85
5/08/2017,29.67
6/08/2017,23.16
7/08/2017,34.07
8/08/2017,32.57
10/08/2017,35.51
11/08/2017,37.17
12/08/2017,26.08
13/08/2017,23.81
14/08/2017,34.07
15/08/2017,34.08
16/08/2017,36.01
17/08/2017,33.48
18/08/2017,34.96
19/08/2017,23.06
20/08/2017,24.59
21/08/2017,35.72
22/08/2017,37.18
23/08/2017,36.57
24/08/2017,35.93
26/08/2017,35.44
27/08/2017,32.71
28/08/2017,38.66
29/08/2017,37.62
30/08/2017,36.32
31/08/2017,38.69
1/09/2017,38.82
2/09/2017,34.11
3/09/2017,32.41
4/09/2017,37.39
5/09/2017,37.66
6/09/2017,37.47
7/09/2017,39.48
8/09/2017,35.42
9/09/2017,39.38
10/09/2017,30.32
11/09/2017,35.54
12/09/2017,38
13/09/2017,35.98
14/09/2017,38.34
15/09/2017,40.94
17/09/2017,35.38
18/09/2017,43.3
19/09/2017,41.27
20/09/2017,40.64
22/09/2017,40.07
23/09/2017,36.61
24/09/2017,36.62
25/09/2017,42.4
26/09/2017,44.68
27/09/2017,44.95
28/09/2017,47.99
29/09/2017,41.71
30/09/2017,38.58
1/10/2017,34.98
2/10/2017,33.11
3/10/2017,35.79
4/10/2017,34.24
5/10/2017,37.36
6/10/2017,40.1
7/10/2017,40.45
8/10/2017,42.16
9/10/2017,52.79
10/10/2017,40.94
11/10/2017,40.29
13/10/2017,41.93
14/10/2017,38.03
15/10/2017,34.71
16/10/2017,43.95
17/10/2017,43.36
18/10/2017,54.18
19/10/2017,46.37
20/10/2017,36.62
21/10/2017,36.3
22/10/2017,35.24
23/10/2017,40.02
24/10/2017,38.46
25/10/2017,38.77
26/10/2017,42.48
27/10/2017,36.79
29/10/2017,34.44
31/10/2017,38.48
1/11/2017,39.17
2/11/2017,43.2
3/11/2017,49.48
7/11/2017,46.15
8/11/2017,60.56
9/11/2017,40.12
10/11/2017,41.17
11/11/2017,44.59
12/11/2017,44.13
13/11/2017,48.57
14/11/2017,54.98
16/11/2017,44.87
17/11/2017,45.3
19/11/2017,33.91
20/11/2017,42.74
21/11/2017,48.87
22/11/2017,41.21
23/11/2017,39.6
24/11/2017,63.78
25/11/2017,48.51
26/11/2017,46.26
27/11/2017,41.12
28/11/2017,49.94
29/11/2017,68.54
30/11/2017,67.12
1/12/2017,56.34
2/12/2017,43.75
3/12/2017,48.07
4/12/2017,44.49
5/12/2017,46.24
7/12/2017,45.48
8/12/2017,45.67
9/12/2017,45.85
10/12/2017,46.22
11/12/2017,56.49
12/12/2017,61.86
14/12/2017,46.29
15/12/2017,51.91
17/12/2017,45.47
18/12/2017,50.92
19/12/2017,60
20/12/2017,62.3
22/12/2017,44.41
23/12/2017,41.56
24/12/2017,38.1
26/12/2017,41.17
28/12/2017,41.52
29/12/2017,41.04
30/12/2017,37.16
31/12/2017,29.67
2/01/2018,37.11
5/01/2018,36.59
7/01/2018,24.92
9/01/2018,45.81
10/01/2018,42.48
12/01/2018,46.28
13/01/2018,42.42
14/01/2018,39.26
15/01/2018,40.53
16/01/2018,40.29
18/01/2018,41.29
19/01/2018,41
20/01/2018,38.86
22/01/2018,38.38
23/01/2018,38.98
24/01/2018,38.27
25/01/2018,38
26/01/2018,45.15
28/01/2018,32.47
29/01/2018,37.17
31/01/2018,35.93
1/02/2018,37.87
2/02/2018,41.01
3/02/2018,41.11
4/02/2018,38.58
5/02/2018,45.28
6/02/2018,47.28
7/02/2018,46.37
9/02/2018,40.49
10/02/2018,40.83
11/02/2018,35.02
12/02/2018,40.49
13/02/2018,40.38
16/02/2018,41.77
17/02/2018,41.18
18/02/2018,39.65
19/02/2018,50.36
20/02/2018,49.47
21/02/2018,46.81
22/02/2018,47.15
23/02/2018,50.27
24/02/2018,44.66
25/02/2018,46.28
26/02/2018,59.79
27/02/2018,54.7
28/02/2018,52.28
1/03/2018,71.53
3/03/2018,64.33
4/03/2018,57.43
5/03/2018,58.8
6/03/2018,50.42
7/03/2018,48.8
10/03/2018,35.57
11/03/2018,31.85
12/03/2018,50.29
13/03/2018,63.38
14/03/2018,52.19
15/03/2018,47.63
17/03/2018,52.55
18/03/2018,39.59
19/03/2018,54.2
20/03/2018,48.12
21/03/2018,53.8
22/03/2018,56.37
23/03/2018,53.48
24/03/2018,46.39
25/03/2018,43.31
26/03/2018,53.01
27/03/2018,49.47
28/03/2018,49.23
29/03/2018,49.91
30/03/2018,46.73
31/03/2018,47.41
1/04/2018,42.08
2/04/2018,40.19
3/04/2018,42.01
4/04/2018,36.86
5/04/2018,38.49
6/04/2018,38.17
7/04/2018,38.23
8/04/2018,29.53
9/04/2018,46.17
10/04/2018,44.67
11/04/2018,44.85
12/04/2018,46.26
14/04/2018,37.84
15/04/2018,36.78
16/04/2018,46.63
17/04/2018,43.81
18/04/2018,41.51
19/04/2018,42.42
21/04/2018,37.24
22/04/2018,20.9
23/04/2018,39.52
24/04/2018,42.02
25/04/2018,38.45
26/04/2018,34.95
27/04/2018,43.05
28/04/2018,37
29/04/2018,36.07
30/04/2018,38.17
1/05/2018,44.84
3/05/2018,47.45
4/05/2018,44.54
5/05/2018,39.32
6/05/2018,31.72
7/05/2018,47.14
9/05/2018,45.81
10/05/2018,41.41
11/05/2018,47.1
12/05/2018,37.02
13/05/2018,32.61
15/05/2018,44.64
17/05/2018,42.71
18/05/2018,51.66
20/05/2018,39.19
21/05/2018,37.87
22/05/2018,54.57
24/05/2018,50.56
25/05/2018,53.95
26/05/2018,42.99
27/05/2018,42.04
29/05/2018,57.67
30/05/2018,64.92
31/05/2018,66.46
2/06/2018,50.25
5/06/2018,58.04
9/06/2018,49.79
10/06/2018,48.64
12/06/2018,50.7
13/06/2018,49.93
14/06/2018,53.28
15/06/2018,55.94
16/06/2018,44.07
17/06/2018,36.29
18/06/2018,51.64
19/06/2018,53.8
20/06/2018,51.18
21/06/2018,48.07
22/06/2018,46.31
23/06/2018,44.47
24/06/2018,42.24
25/06/2018,53.8
26/06/2018,52.58
27/06/2018,53.33
28/06/2018,50.6
29/06/2018,51.06
30/06/2018,46.51
1/07/2018,38.26
3/07/2018,58.47
4/07/2018,60.88
5/07/2018,57.18
7/07/2018,50.67
9/07/2018,53.41
10/07/2018,52.95
11/07/2018,52.7
12/07/2018,53.31
13/07/2018,52.58
14/07/2018,50.27
15/07/2018,47.03
16/07/2018,54.08
17/07/2018,52.14
18/07/2018,53.16
19/07/2018,51.81
20/07/2018,53.54
21/07/2018,51.17
22/07/2018,48.05
23/07/2018,55.17
24/07/2018,58.27
25/07/2018,60.22
26/07/2018,65.26
27/07/2018,61.85
29/07/2018,44.87
30/07/2018,55.19
31/07/2018,56.33
1/08/2018,56.32
2/08/2018,59.57
3/08/2018,63.73
4/08/2018,51.7
5/08/2018,51.55
6/08/2018,63.24
7/08/2018,65.5
8/08/2018,56.55
9/08/2018,55.33
10/08/2018,49.81
11/08/2018,48.63
12/08/2018,45.68
13/08/2018,55.99
14/08/2018,55.52
15/08/2018,54.07
16/08/2018,56.62
17/08/2018,57.97
18/08/2018,54.69
19/08/2018,50.28
20/08/2018,64.67
21/08/2018,69.83
22/08/2018,69.33
23/08/2018,62.45
24/08/2018,57.85
25/08/2018,58.65
26/08/2018,53.66
27/08/2018,53.28
28/08/2018,66.93
29/08/2018,68.52
30/08/2018,56.53
31/08/2018,63.42
1/09/2018,60.44
2/09/2018,56.25
3/09/2018,66.76
4/09/2018,66.37
5/09/2018,69.61
6/09/2018,68.91
7/09/2018,63.84
8/09/2018,63.14
9/09/2018,56.52
10/09/2018,67.68
11/09/2018,68.81
12/09/2018,72.88
13/09/2018,72.31
14/09/2018,65.07
15/09/2018,59.21
16/09/2018,51.37
17/09/2018,64.96
18/09/2018,62.22
19/09/2018,59.08
20/09/2018,60.33
21/09/2018,56.8
22/09/2018,57.03
23/09/2018,57.87
24/09/2018,54.33
25/09/2018,71.27
26/09/2018,65.69
27/09/2018,66.89
28/09/2018,62.25
29/09/2018,66.86
30/09/2018,64.77
1/10/2018,61.28
2/10/2018,57.83
3/10/2018,64.61
4/10/2018,64.73
5/10/2018,62.14
6/10/2018,59.46
7/10/2018,54.86
8/10/2018,62.74
9/10/2018,70.1
10/10/2018,65
11/10/2018,60.49
12/10/2018,57.2
13/10/2018,56.35
14/10/2018,53.26
15/10/2018,70.73
16/10/2018,70.56
17/10/2018,69.71
18/10/2018,61.97
19/10/2018,66.62
20/10/2018,59.48
21/10/2018,58.03
22/10/2018,57.85
23/10/2018,56.87
24/10/2018,55.75
25/10/2018,54.96
26/10/2018,58.61
27/10/2018,54.12
28/10/2018,49.96
29/10/2018,52.43
30/10/2018,55.45
31/10/2018,55.43
1/11/2018,52.2
2/11/2018,56.51
3/11/2018,52.47
4/11/2018,53.06
5/11/2018,60.81
6/11/2018,60.57
7/11/2018,57.4
8/11/2018,63.31
9/11/2018,61.09
10/11/2018,62.09
11/11/2018,59.4
12/11/2018,66.5
13/11/2018,62.68
14/11/2018,63.55
15/11/2018,64.98
16/11/2018,67.34
17/11/2018,58.21
19/11/2018,55.97
20/11/2018,53.26
21/11/2018,65.74
22/11/2018,84.09
23/11/2018,78.83
24/11/2018,67.42
25/11/2018,55.94
26/11/2018,78.63
27/11/2018,74.74
28/11/2018,54.26
29/11/2018,57.93
30/11/2018,58.43
2/12/2018,54.94
3/12/2018,57.94
4/12/2018,64.9
5/12/2018,59.32
6/12/2018,57.53
7/12/2018,50.93
8/12/2018,52.53
9/12/2018,53.21
10/12/2018,59.91
11/12/2018,62.25
12/12/2018,69.92
13/12/2018,67.29
14/12/2018,71.65
15/12/2018,58.59
16/12/2018,62.39
17/12/2018,69.53
18/12/2018,59.88
19/12/2018,63.89
20/12/2018,59.53
21/12/2018,55.54
22/12/2018,55.8
23/12/2018,57.28
24/12/2018,58.24
25/12/2018,58.84
26/12/2018,57.97
27/12/2018,63.08
28/12/2018,60.37
29/12/2018,56.64
30/12/2018,56.69
31/12/2018,55.55
1/01/2019,52.96
2/01/2019,55.67
3/01/2019,62.42
4/01/2019,63.3
5/01/2019,57.35
6/01/2019,54.72
7/01/2019,57.38
8/01/2019,50.25
9/01/2019,53.69
10/01/2019,67.96
11/01/2019,52.71
12/01/2019,51
13/01/2019,46.48
14/01/2019,54.95
15/01/2019,51.21
16/01/2019,51.08
17/01/2019,56.24
18/01/2019,63.45
19/01/2019,58.71
20/01/2019,57.19
21/01/2019,69.46
22/01/2019,65.86
23/01/2019,74
24/01/2019,85.28
25/01/2019,65.81
26/01/2019,50.36
27/01/2019,43.37
28/01/2019,50.77
29/01/2019,60.13
30/01/2019,63.71
31/01/2019,60.86
1/02/2019,62.09
2/02/2019,50.16
3/02/2019,46.45
4/02/2019,44.45
5/02/2019,54.94
6/02/2019,51.18
7/02/2019,46.09
8/02/2019,49.04
9/02/2019,43.89
10/02/2019,46.31
11/02/2019,57.04
12/02/2019,49.4
13/02/2019,47.4
14/02/2019,49.28
15/02/2019,47.33
16/02/2019,44.02
17/02/2019,39.49
18/02/2019,46.43
19/02/2019,43.47
20/02/2019,45.06
21/02/2019,43.16
22/02/2019,47.3
23/02/2019,40.69
24/02/2019,40.28
25/02/2019,44.13
26/02/2019,44.61
27/02/2019,44.48
28/02/2019,43.83
1/03/2019,46.72
2/03/2019,42.88
3/03/2019,41.55
4/03/2019,43.54
5/03/2019,45.62
6/03/2019,45.04
7/03/2019,41.69
8/03/2019,43.12
9/03/2019,40.29
10/03/2019,43.15
11/03/2019,42.83
12/03/2019,42.77
13/03/2019,41.36
14/03/2019,40.51
15/03/2019,39.77
16/03/2019,36.21
17/03/2019,34.11
18/03/2019,41.51
19/03/2019,45.34
20/03/2019,41.99
21/03/2019,39.86
22/03/2019,40.55
23/03/2019,36.66
24/03/2019,34.3
25/03/2019,34.3
26/03/2019,38.3
27/03/2019,40.15
28/03/2019,41.99
29/03/2019,39.75
30/03/2019,36.69
31/03/2019,33.38
1/04/2019,38.13
2/04/2019,38.92
3/04/2019,42.23
4/04/2019,42.66
5/04/2019,42.08
6/04/2019,41.57
7/04/2019,38.27
8/04/2019,44.25
9/04/2019,41.97
10/04/2019,42.28
11/04/2019,44.74
12/04/2019,44.9
13/04/2019,42.12
14/04/2019,39.9
15/04/2019,44.01
16/04/2019,41.79
17/04/2019,41.83
18/04/2019,41.99
19/04/2019,41.32
20/04/2019,36.79
21/04/2019,33.14
22/04/2019,36.37
23/04/2019,42.51
24/04/2019,38.13
25/04/2019,40.95
26/04/2019,43.28
27/04/2019,33.89
28/04/2019,38.54
29/04/2019,43.31
30/04/2019,42.87
1/05/2019,39.01
2/05/2019,40.9
3/05/2019,40.85
4/05/2019,40.08
5/05/2019,38.75
6/05/2019,45.94
7/05/2019,51.37
9/05/2019,45.44
10/05/2019,45.3
11/05/2019,40.22
12/05/2019,39.06
13/05/2019,41.14
14/05/2019,40.98
15/05/2019,40.74
16/05/2019,39.73
17/05/2019,42.88
18/05/2019,37.18
19/05/2019,35.35
20/05/2019,46.22
21/05/2019,42.93
22/05/2019,40.09
23/05/2019,40.37
24/05/2019,40.14
25/05/2019,36.68
26/05/2019,26.1
27/05/2019,37.14
28/05/2019,41.87
29/05/2019,41.37
30/05/2019,32.3
31/05/2019,35.99
1/06/2019,32.68
2/06/2019,22.85
3/06/2019,36.78
4/06/2019,38.47
5/06/2019,37.85
6/06/2019,36.39
7/06/2019,34.77
8/06/2019,34.77
9/06/2019,33.06
10/06/2019,31.42
11/06/2019,45.09
12/06/2019,43.9
13/06/2019,37.85
14/06/2019,41.11
15/06/2019,34.16
16/06/2019,33.18
17/06/2019,41.62
18/06/2019,43.1
19/06/2019,41.21
20/06/2019,37.82
21/06/2019,38.42
22/06/2019,31.38
23/06/2019,30.29
24/06/2019,35.85
25/06/2019,42.6
26/06/2019,39.56
27/06/2019,35.78
28/06/2019,42.78
29/06/2019,33.27
30/06/2019,25.39
1/07/2019,32.85
2/07/2019,35.87
3/07/2019,34.85
4/07/2019,33.96
5/07/2019,35.26
6/07/2019,32.32
7/07/2019,29.69
8/07/2019,35.68
9/07/2019,37.4
10/07/2019,41.46
11/07/2019,45.84
12/07/2019,44.97
13/07/2019,37.25
14/07/2019,36.51
15/07/2019,41.69
16/07/2019,42.94
17/07/2019,45.86
18/07/2019,43.15
19/07/2019,43.69
20/07/2019,35.11
21/07/2019,32.77
22/07/2019,41.06
23/07/2019,46.03
24/07/2019,49.35
25/07/2019,50.06
26/07/2019,45.21
27/07/2019,36.14
28/07/2019,32.54
29/07/2019,43.54
30/07/2019,43.17
31/07/2019,41.02
1/08/2019,43.78
2/08/2019,42.64
3/08/2019,36.52
4/08/2019,35.25
5/08/2019,42.17
6/08/2019,41.99
7/08/2019,38.9
8/08/2019,34.22
9/08/2019,37.74
10/08/2019,27.25
11/08/2019,28.26
12/08/2019,39.5
13/08/2019,37.93
14/08/2019,37.63
15/08/2019,32.58
16/08/2019,35.5
17/08/2019,27.2
18/08/2019,31.63
19/08/2019,33.81
20/08/2019,39.39
21/08/2019,41.18
22/08/2019,36.05
23/08/2019,36.89
24/08/2019,32.24
25/08/2019,31.43
26/08/2019,45.13
27/08/2019,46.32
28/08/2019,50.42
29/08/2019,44.04
30/08/2019,40.15
31/08/2019,32.95
1/09/2019,30.11
2/09/2019,38.73
3/09/2019,35.43
4/09/2019,33.79
5/09/2019,31.29
6/09/2019,32.16
7/09/2019,35.83
8/09/2019,37.13
9/09/2019,45.36
10/09/2019,36.62
11/09/2019,33.45
12/09/2019,37.73
13/09/2019,39.03
14/09/2019,36.14
15/09/2019,31.75
16/09/2019,46.94
17/09/2019,35.07
18/09/2019,36.91
19/09/2019,43.65
20/09/2019,40.73
21/09/2019,32.14
22/09/2019,29.95
23/09/2019,41.86
24/09/2019,43.9
25/09/2019,41.5
26/09/2019,37.9
27/09/2019,36.65
28/09/2019,29.49
29/09/2019,28.97
30/09/2019,36.81
1/10/2019,42.11
2/10/2019,38.92
3/10/2019,40.77
4/10/2019,42.07
5/10/2019,37.18
6/10/2019,32.86
7/10/2019,44.38
9/10/2019,35.22
10/10/2019,32.65
11/10/2019,28.31
12/10/2019,32.02
13/10/2019,25.63
14/10/2019,39.17
15/10/2019,43.42
16/10/2019,38.73
17/10/2019,43.43
18/10/2019,33.24
19/10/2019,33.09
20/10/2019,34.83
21/10/2019,43.44
22/10/2019,46.26
23/10/2019,42.77
24/10/2019,38.41
25/10/2019,36.01
26/10/2019,29.31
27/10/2019,30.05
28/10/2019,42.28
29/10/2019,47.77
30/10/2019,45.97
31/10/2019,41.43
1/11/2019,32.56
2/11/2019,31.01
3/11/2019,31.73
4/11/2019,38.26
5/11/2019,42.7
6/11/2019,51.79
7/11/2019,42.64
8/11/2019,46.9
9/11/2019,41.69
10/11/2019,40.93
11/11/2019,41.53
12/11/2019,41.62
13/11/2019,47.42
14/11/2019,45.46
15/11/2019,40.08
16/11/2019,38.98
17/11/2019,37.45
18/11/2019,40.96
19/11/2019,47.64
20/11/2019,50.52
21/11/2019,47.49
22/11/2019,42.4
23/11/2019,42.29
24/11/2019,42.58
25/11/2019,50.99
26/11/2019,47.36
27/11/2019,42.08
28/11/2019,45.26
29/11/2019,46.64
30/11/2019,42.35
1/12/2019,42.25
2/12/2019,47.86
3/12/2019,51.55
4/12/2019,50.13
5/12/2019,41.81
6/12/2019,37.14
7/12/2019,36.5
8/12/2019,27.53
9/12/2019,31.8
10/12/2019,40.42
11/12/2019,43.26
12/12/2019,44.55
13/12/2019,36.9
14/12/2019,33.29
15/12/2019,32.85
16/12/2019,41.69
17/12/2019,36.5
18/12/2019,41.45
19/12/2019,33.54
20/12/2019,35.8
21/12/2019,32.28
22/12/2019,31.58
23/12/2019,32.71
24/12/2019,32.96
25/12/2019,29.21
26/12/2019,34.59
27/12/2019,37.21
28/12/2019,34.14
29/12/2019,32.39
30/12/2019,37.29
31/12/2019,38.08
1/01/2020,34.58
2/01/2020,38.78
3/01/2020,37.25
4/01/2020,33.76
5/01/2020,35.18
6/01/2020,38.04
7/01/2020,40.17
8/01/2020,40.07
9/01/2020,36.33
10/01/2020,39.56
11/01/2020,33.21
12/01/2020,30.94
13/01/2020,38.09
14/01/2020,28.84
15/01/2020,31.56
16/01/2020,37.45
17/01/2020,36.99
18/01/2020,32.9
19/01/2020,33.62
20/01/2020,44.53
21/01/2020,45.27
22/01/2020,48.54
23/01/2020,50.21
24/01/2020,49
25/01/2020,36.19
26/01/2020,33.21
27/01/2020,34.22
28/01/2020,31.75
29/01/2020,33.8
30/01/2020,36.36
31/01/2020,29.8
1/02/2020,29.1
2/02/2020,30.27
3/02/2020,27.39
4/02/2020,28.23
5/02/2020,35.74
6/02/2020,36.94
7/02/2020,34.91
8/02/2020,28.71
9/02/2020,25.24
10/02/2020,25.24
11/02/2020,25.44
12/02/2020,27.08
13/02/2020,37.06
14/02/2020,33.98
15/02/2020,25.74
16/02/2020,20.78
17/02/2020,25.08
18/02/2020,27
19/02/2020,30.92
20/02/2020,29.59
21/02/2020,28.23
22/02/2020,29.07
23/02/2020,29.68
24/02/2020,34.18
25/02/2020,28.05
26/02/2020,31.6
27/02/2020,37.95
28/02/2020,30.38
29/02/2020,23.61
1/03/2020,21.19
2/03/2020,33.13
3/03/2020,35.83
4/03/2020,39.59
5/03/2020,35.89
6/03/2020,30.48
7/03/2020,29.04
8/03/2020,20.51
9/03/2020,36.57
10/03/2020,26.29
11/03/2020,26.63
12/03/2020,24.51
13/03/2020,28.61
14/03/2020,29.1
15/03/2020,20.38
16/03/2020,30.91
17/03/2020,27.32
18/03/2020,26.19
19/03/2020,28.37
20/03/2020,24.18
21/03/2020,13.65
22/03/2020,6.55
23/03/2020,17.11
24/03/2020,21.2
25/03/2020,23.14
26/03/2020,22.23
27/03/2020,21.55
28/03/2020,14.55
29/03/2020,3.69
30/03/2020,23.15
31/03/2020,24.52
1/04/2020,23.31
2/04/2020,22.43
3/04/2020,22.51
4/04/2020,19.98
5/04/2020,7.23
6/04/2020,16.95
7/04/2020,23.18
8/04/2020,26
9/04/2020,23.46
10/04/2020,23.31
11/04/2020,20.63
12/04/2020,13.02
13/04/2020,-5.45
14/04/2020,23.41
16/04/2020,22.93
17/04/2020,23.68
18/04/2020,20.84
19/04/2020,12.24
20/04/2020,12.13
21/04/2020,10.63
22/04/2020,13.56
23/04/2020,25.66
24/04/2020,20.86
25/04/2020,19.01
26/04/2020,18.47
27/04/2020,23.37
28/04/2020,24.16
29/04/2020,22.37
30/04/2020,18.94
1/05/2020,14.14
2/05/2020,12.47
3/05/2020,14.6
4/05/2020,22.86
5/05/2020,20.34
6/05/2020,21.01
7/05/2020,19.97
8/05/2020,22.13
9/05/2020,20.94
10/05/2020,12.68
11/05/2020,13.58
12/05/2020,22.22
13/05/2020,21.7
14/05/2020,21.78
15/05/2020,20.8
16/05/2020,18.15
17/05/2020,13.04
18/05/2020,18.68
19/05/2020,22.39
20/05/2020,23.61
21/05/2020,19.29
22/05/2020,17.03
23/05/2020,5.15
24/05/2020,4.77
25/05/2020,19.17
26/05/2020,24.81
27/05/2020,22.05
28/05/2020,19.51
30/05/2020,12.49
31/05/2020,5.23
1/06/2020,10
2/06/2020,25.27
3/06/2020,28.06
4/06/2020,25.82
5/06/2020,23.14
6/06/2020,7.41
7/06/2020,17.92
8/06/2020,30.92
9/06/2020,35.99
10/06/2020,31.2
11/06/2020,24.06
12/06/2020,20.72
13/06/2020,19.91
14/06/2020,22.11
15/06/2020,31.05
16/06/2020,33.98
17/06/2020,36.94
18/06/2020,31.8
19/06/2020,29.85
20/06/2020,24.08
21/06/2020,19.48
22/06/2020,29.08
23/06/2020,32.55
24/06/2020,35.39
25/06/2020,33.49
26/06/2020,34.79
27/06/2020,26.83
28/06/2020,16.83
29/06/2020,24.8
30/06/2020,23.3
1/07/2020,32.2
2/07/2020,36.93
3/07/2020,33.91
4/07/2020,21.15
5/07/2020,2.39
6/07/2020,18.85
7/07/2020,30.32
8/07/2020,41.17
9/07/2020,40.74
10/07/2020,35.58
11/07/2020,28.05
12/07/2020,24.69
13/07/2020,33.83
14/07/2020,36.27
15/07/2020,38.94
16/07/2020,43.64
17/07/2020,37.47
18/07/2020,27.82
19/07/2020,27.5
20/07/2020,31.65
21/07/2020,28.28
22/07/2020,31.91
23/07/2020,30.19
24/07/2020,28.4
25/07/2020,24.27
26/07/2020,13.52
27/07/2020,29.77
28/07/2020,18.89
30/07/2020,30.76
31/07/2020,32.25
1/08/2020,24.61
2/08/2020,25.91
3/08/2020,36.69
4/08/2020,32.95
5/08/2020,27.43
6/08/2020,31.36
7/08/2020,34.43
8/08/2020,31.57
9/08/2020,28.11
10/08/2020,35.54
11/08/2020,33.22
12/08/2020,32.61
13/08/2020,35.49
14/08/2020,35.41
15/08/2020,31.86
16/08/2020,28.58
17/08/2020,40.33
18/08/2020,41.57
19/08/2020,37.66
20/08/2020,38.07
21/08/2020,30.68
22/08/2020,23.41
23/08/2020,20.9
24/08/2020,44.7
25/08/2020,37.67
26/08/2020,24.81
27/08/2020,47.21
28/08/2020,39.54
29/08/2020,35.27
30/08/2020,33.1
31/08/2020,54.04
1/09/2020,49.95
2/09/2020,49.82
3/09/2020,40.99
4/09/2020,38.32
5/09/2020,33.34
6/09/2020,34.76
7/09/2020,42.08
8/09/2020,41.47
9/09/2020,39.08
10/09/2020,47.24
11/09/2020,45.64
12/09/2020,33.57
13/09/2020,25.48
14/09/2020,52.49
15/09/2020,68.99
16/09/2020,49.96
17/09/2020,44.91
18/09/2020,40.37
19/09/2020,34.64
20/09/2020,36.26
21/09/2020,57.62
22/09/2020,48.03
23/09/2020,34.65
24/09/2020,34.9
27/09/2020,30.79
28/09/2020,47.26
29/09/2020,58.32
30/09/2020,49.41
1/10/2020,40.42
2/10/2020,34.91
3/10/2020,34.08
4/10/2020,26.58
5/10/2020,32.07
6/10/2020,34.76
7/10/2020,37.83
8/10/2020,38.99
9/10/2020,41.25
10/10/2020,36.32
11/10/2020,33.58
12/10/2020,43.8
13/10/2020,38.91
14/10/2020,36.99
15/10/2020,38.05
16/10/2020,44.46
17/10/2020,39.71
18/10/2020,42.06
19/10/2020,43.4
20/10/2020,37.85
21/10/2020,39.84
22/10/2020,36.69
24/10/2020,36.19
25/10/2020,25.69
26/10/2020,37.12
27/10/2020,37
28/10/2020,37.24
29/10/2020,35.6
30/10/2020,33.58
31/10/2020,33.29
2/11/2020,32.75
3/11/2020,34.17
4/11/2020,39.22
5/11/2020,39.36
6/11/2020,40.52
7/11/2020,37.79
8/11/2020,36.63
9/11/2020,44.88
10/11/2020,48.05
11/11/2020,44.28
12/11/2020,40.24
13/11/2020,41.16
14/11/2020,36.62
15/11/2020,27.61
18/11/2020,38.94
20/11/2020,42.76
21/11/2020,35.67
22/11/2020,39.62
23/11/2020,44.54
24/11/2020,40.58
25/11/2020,46.53
26/11/2020,57.72
27/11/2020,65.42
28/11/2020,46.31
29/11/2020,45.11
30/11/2020,51.34
1/12/2020,53.38
2/12/2020,73.7
3/12/2020,47.28
4/12/2020,42.14
5/12/2020,48.76
6/12/2020,46.09
7/12/2020,60.29
8/12/2020,70.24
9/12/2020,74.2
10/12/2020,66.62
11/12/2020,43.14
12/12/2020,45.27
13/12/2020,42.56
14/12/2020,40.43
15/12/2020,47.7
16/12/2020,44.47
17/12/2020,46.2
18/12/2020,42.92
19/12/2020,40.29
20/12/2020,40.42
21/12/2020,44.28
22/12/2020,39.31
23/12/2020,44.43
24/12/2020,38.31
25/12/2020,36.59
26/12/2020,38.03
27/12/2020,40.84
28/12/2020,46.24
29/12/2020,49.1
30/12/2020,50.71
31/12/2020,52
1/01/2021,48.4
2/01/2021,50.56
3/01/2021,49.77
4/01/2021,49.72
5/01/2021,50.39
6/01/2021,50.59
7/01/2021,63.84
8/01/2021,72.77
9/01/2021,57.99
10/01/2021,49.96
11/01/2021,45.58
12/01/2021,51.07
13/01/2021,57.62
14/01/2021,74.49
15/01/2021,72.78
16/01/2021,53.66
17/01/2021,51.1
18/01/2021,52.2
19/01/2021,46.06
20/01/2021,44.96
21/01/2021,44.3
22/01/2021,52.57
23/01/2021,51.89
24/01/2021,49.62
25/01/2021,58.1
26/01/2021,58.4
27/01/2021,54.05
28/01/2021,53.76
29/01/2021,49.45
30/01/2021,48.73
31/01/2021,48.26
1/02/2021,57.45
2/02/2021,51.28
3/02/2021,45.49
4/02/2021,52.29
5/02/2021,51.58
6/02/2021,44.26
7/02/2021,37.87
8/02/2021,44.32
9/02/2021,63.47
10/02/2021,71.84
11/02/2021,79.13
12/02/2021,57.34
13/02/2021,50.63
14/02/2021,44.57
15/02/2021,50.19
16/02/2021,50.82
17/02/2021,49.67
18/02/2021,46.42
19/02/2021,47.74
20/02/2021,34.81
21/02/2021,32.92
22/02/2021,49.11
23/02/2021,45.38
24/02/2021,38.29
25/02/2021,46.13
26/02/2021,47.47
27/02/2021,45.51
28/02/2021,42.53
1/03/2021,49.1
2/03/2021,52.92
3/03/2021,51.06
4/03/2021,53.82
5/03/2021,47.9
6/03/2021,45.2
7/03/2021,46.62
8/03/2021,61.52
9/03/2021,60.47
10/03/2021,49.12
11/03/2021,34.76
12/03/2021,48.75
13/03/2021,23.01
14/03/2021,35.7
15/03/2021,52.1
16/03/2021,55.93
17/03/2021,56.53
18/03/2021,64.22
19/03/2021,53.69
20/03/2021,51.2
21/03/2021,44.4
22/03/2021,60.05
23/03/2021,57.81
24/03/2021,54.17
25/03/2021,56.09
26/03/2021,49.73
27/03/2021,24.41
28/03/2021,24.66
29/03/2021,39.43
30/03/2021,53.9
31/03/2021,55.9
1/04/2021,51.04
2/04/2021,45.36
3/04/2021,38.88
4/04/2021,29.77
5/04/2021,10.19
6/04/2021,41.36
7/04/2021,51.58
8/04/2021,55.81
9/04/2021,55.55
10/04/2021,57.88
11/04/2021,48.97
12/04/2021,58.16
13/04/2021,54.15
14/04/2021,66.57
15/04/2021,61.18
16/04/2021,59.19
17/04/2021,60.06
18/04/2021,61.38
19/04/2021,70.72
20/04/2021,72.8
21/04/2021,56.2
22/04/2021,55.88
23/04/2021,61.63
24/04/2021,52.63
25/04/2021,37.49
26/04/2021,59.63
27/04/2021,56.74
28/04/2021,58.46
29/04/2021,58.27
30/04/2021,67.22
1/05/2021,57.2
2/05/2021,47.31
3/05/2021,63.14
4/05/2021,32.92
5/05/2021,43.77
6/05/2021,69.55
7/05/2021,70.2
8/05/2021,54.86
9/05/2021,7.24
10/05/2021,58.29
11/05/2021,72.17
12/05/2021,68.67
13/05/2021,62.74
14/05/2021,71.89
15/05/2021,61.98
16/05/2021,40.66
17/05/2021,73.49
18/05/2021,74.18
19/05/2021,76.01
20/05/2021,67.68
21/05/2021,30.49
22/05/2021,28.94
23/05/2021,32.51
24/05/2021,41.59
25/05/2021,59.77
26/05/2021,67.04
27/05/2021,71.77
28/05/2021,71.6
29/05/2021,57.07
30/05/2021,37.87
31/05/2021,67.59
1/06/2021,68.25
2/06/2021,67.33
3/06/2021,70.01
4/06/2021,71.8
5/06/2021,66.31
6/06/2021,62.66
7/06/2021,77.36
8/06/2021,76.9
9/06/2021,76.69
10/06/2021,78.77
11/06/2021,78.1
12/06/2021,60.13
13/06/2021,48.93
14/06/2021,75.35
15/06/2021,82.57
16/06/2021,87.62
17/06/2021,77.82
18/06/2021,80.46
19/06/2021,74.16
20/06/2021,60.31
21/06/2021,77.63
22/06/2021,84.44
23/06/2021,91.68
24/06/2021,92.99
25/06/2021,89.12
26/06/2021,80.42
27/06/2021,63.83
28/06/2021,88.67
29/06/2021,91.43
30/06/2021,92.04
1/07/2021,88.93
2/07/2021,96.02
3/07/2021,83.9
4/07/2021,83.21
5/07/2021,93.83
6/07/2021,77.66
7/07/2021,95.8
8/07/2021,96.04
9/07/2021,88.43
10/07/2021,81.17
11/07/2021,77.74
12/07/2021,93.46
13/07/2021,94.92
14/07/2021,84.93
15/07/2021,86.05
16/07/2021,84.67
17/07/2021,65.86
18/07/2021,47.9
19/07/2021,92.27
20/07/2021,91.64
21/07/2021,89.13
22/07/2021,87.53
23/07/2021,88.69
24/07/2021,79.47
25/07/2021,63.54
26/07/2021,91.16
27/07/2021,87.09
28/07/2021,79.73
29/07/2021,45.48
30/07/2021,95.49
31/07/2021,48.4
1/08/2021,81.77
2/08/2021,87.42
3/08/2021,96.35
4/08/2021,98.67
5/08/2021,94.42
6/08/2021,69.06
7/08/2021,60.74
8/08/2021,8.54
9/08/2021,68.59
10/08/2021,90.73
11/08/2021,100.72
12/08/2021,106.56
13/08/2021,94.9
14/08/2021,74.41
15/08/2021,62.16
16/08/2021,73.15
17/08/2021,90.4
18/08/2021,86.48
19/08/2021,105.39
20/08/2021,102.18
21/08/2021,91.46
22/08/2021,79.35
23/08/2021,93.88
24/08/2021,95.34
25/08/2021,97.63
26/08/2021,93.84
27/08/2021,96.17
28/08/2021,83.81
29/08/2021,80.65
30/08/2021,109.54
31/08/2021,110.89
1/09/2021,115.47
2/09/2021,124.07
3/09/2021,112.31
4/09/2021,107.19
5/09/2021,100.63
6/09/2021,129.3
7/09/2021,128.84
8/09/2021,125.45
9/09/2021,131.07
10/09/2021,138.56
11/09/2021,129.25
12/09/2021,125.85
13/09/2021,142.22
14/09/2021,145.23
15/09/2021,168.28
16/09/2021,160.44
17/09/2021,161.84
18/09/2021,140.37
19/09/2021,106.03
22/09/2021,158.19
23/09/2021,131.17
24/09/2021,157.08
25/09/2021,154.14
26/09/2021,125.72
27/09/2021,141.38
28/09/2021,153.44
29/09/2021,135.36
30/09/2021,133.8
1/10/2021,116.53
2/10/2021,109.33
3/10/2021,111.59
4/10/2021,145.32
5/10/2021,159.72
6/10/2021,184.11
7/10/2021,302.54
8/10/2021,203.95
9/10/2021,165.87
10/10/2021,147.02
11/10/2021,179.48
12/10/2021,183.69
13/10/2021,191.2
14/10/2021,189
15/10/2021,190.92
16/10/2021,197.99
17/10/2021,168.09
18/10/2021,191.64
19/10/2021,161.34
20/10/2021,93.03
21/10/2021,151.95
22/10/2021,150.99
23/10/2021,200.81
24/10/2021,128.88
25/10/2021,175.12
26/10/2021,188.94
27/10/2021,156.69
28/10/2021,172.27
29/10/2021,142.35
30/10/2021,143.18
31/10/2021,74.11
1/11/2021,97.54
2/11/2021,204.09
3/11/2021,179.89
4/11/2021,173.12
5/11/2021,169.29
6/11/2021,150.1
7/11/2021,102.44
8/11/2021,204.39
9/11/2021,166.65
10/11/2021,176.47
11/11/2021,182.38
12/11/2021,161.92
13/11/2021,153.88
14/11/2021,173.53
15/11/2021,227.82
16/11/2021,224.54
17/11/2021,197.46
18/11/2021,209.23
19/11/2021,199.85
20/11/2021,185.97
21/11/2021,146.76
22/11/2021,194.08
23/11/2021,219.93
24/11/2021,254.01
25/11/2021,196.35
26/11/2021,197.85
27/11/2021,207.17
28/11/2021,198.27
29/11/2021,256.27
30/11/2021,176.13
1/12/2021,190.58
2/12/2021,206.43
3/12/2021,195.3
4/12/2021,200.16
5/12/2021,180.83
6/12/2021,247.26
7/12/2021,183.01
8/12/2021,185.21
9/12/2021,275.42
10/12/2021,237.16
11/12/2021,224.74
12/12/2021,190.95
13/12/2021,241.87
14/12/2021,280.35
15/12/2021,275.73
16/12/2021,333.22
17/12/2021,337.27
18/12/2021,292.52
19/12/2021,289.66
20/12/2021,360.78
21/12/2021,429.84
22/12/2021,396.38
23/12/2021,333.06
24/12/2021,285.72
25/12/2021,195.45
26/12/2021,185.51
27/12/2021,170.96
28/12/2021,111.26
29/12/2021,155.6
30/12/2021,101.32
31/12/2021,78.63
1/01/2022,93.51
2/01/2022,58.81
3/01/2022,98.38
4/01/2022,162.67
5/01/2022,185.32
6/01/2022,222.1
7/01/2022,204.28
8/01/2022,184.68
9/01/2022,153.74
10/01/2022,259.11
11/01/2022,240.89
12/01/2022,229.04
13/01/2022,189.65
14/01/2022,186
15/01/2022,210
16/01/2022,199.89
17/01/2022,204.29
18/01/2022,223.31
19/01/2022,180.53
20/01/2022,160.52
21/01/2022,168.28
22/01/2022,176.82
23/01/2022,192.48
24/01/2022,242.93
25/01/2022,276.95
26/01/2022,222.96
27/01/2022,200.08
28/01/2022,212.15
29/01/2022,159.77
30/01/2022,168.39
31/01/2022,194.6
1/02/2022,191.7
2/02/2022,177.12
3/02/2022,183.75
4/02/2022,174.78
5/02/2022,130.43
6/02/2022,121.11
7/02/2022,155.26
8/02/2022,167.79
9/02/2022,175.82
10/02/2022,188.56
11/02/2022,181.68
12/02/2022,164.09
13/02/2022,137.04
14/02/2022,175.76
15/02/2022,202.1
16/02/2022,163.79
17/02/2022,112.38
18/02/2022,180.55
19/02/2022,95.72
20/02/2022,117.59
21/02/2022,152.38
22/02/2022,166.25
23/02/2022,163.79
24/02/2022,174.48
25/02/2022,213.35
26/02/2022,245.33
27/02/2022,183.95
28/02/2022,217.75
1/03/2022,252.33
2/03/2022,244.05
3/03/2022,330.9
4/03/2022,352.77
5/03/2022,332.11
6/03/2022,329.92
7/03/2022,392.56
8/03/2022,443.32
9/03/2022,432.22
10/03/2022,311.4
11/03/2022,184.05
12/03/2022,222.94
13/03/2022,201.18
14/03/2022,275.95
15/03/2022,271.11
16/03/2022,266.24
17/03/2022,231.23
18/03/2022,227.11
19/03/2022,147.88
20/03/2022,150.45
21/03/2022,217.02
22/03/2022,232.34
23/03/2022,232.24
24/03/2022,233.4
25/03/2022,242.03
26/03/2022,182.67
27/03/2022,197.78
28/03/2022,215.85
29/03/2022,234.34
30/03/2022,248.26
31/03/2022,258.23
1/04/2022,201.04
2/04/2022,224.64
3/04/2022,240.77
4/04/2022,212.34
5/04/2022,239.18
6/04/2022,185.73
7/04/2022,200.56
8/04/2022,228.69
9/04/2022,180.9
10/04/2022,189.23
11/04/2022,233.14
12/04/2022,205.27
13/04/2022,239.05
14/04/2022,227.54
15/04/2022,206.25
16/04/2022,147.79
17/04/2022,108.06
18/04/2022,126.63
19/04/2022,209.31
20/04/2022,201.27
21/04/2022,198.59
22/04/2022,179.6
23/04/2022,62.54
24/04/2022,83.82
25/04/2022,221.22
27/04/2022,219.06
28/04/2022,230.12
29/04/2022,227.92
30/04/2022,201.16
1/05/2022,194.74
2/05/2022,217.44
3/05/2022,218.16
4/05/2022,228.42
5/05/2022,233.72
6/05/2022,225.36
7/05/2022,201.43
8/05/2022,169.19
9/05/2022,214.78
10/05/2022,167.94
11/05/2022,157.47
13/05/2022,160.78
14/05/2022,160.89
15/05/2022,148.92
16/05/2022,208.1
17/05/2022,221.37
18/05/2022,205.5
19/05/2022,210.81
20/05/2022,213.02
21/05/2022,138.92
22/05/2022,165.9
23/05/2022,196.33
24/05/2022,177.89
25/05/2022,163.42
26/05/2022,90.6
27/05/2022,97.21
28/05/2022,66.8
29/05/2022,165.41
30/05/2022,225.99
31/05/2022,207.51
1/06/2022,215.26
2/06/2022,183.81
3/06/2022,167.36
4/06/2022,146.94
5/06/2022,146.59
6/06/2022,95.81
7/06/2022,183.4
8/06/2022,181.26
9/06/2022,172.83
11/06/2022,111.6
12/06/2022,109.96
13/06/2022,166.29
14/06/2022,187.37
15/06/2022,203.18
16/06/2022,216.94
17/06/2022,261.23
18/06/2022,204.31
19/06/2022,159.52
20/06/2022,241.32
21/06/2022,271.55
22/06/2022,260.22
23/06/2022,284.27
24/06/2022,284.5
25/06/2022,247.42
28/06/2022,303.71
29/06/2022,287.57
30/06/2022,322.4
1/07/2022,306.52
2/07/2022,225.81
3/07/2022,202.42
4/07/2022,286.11
5/07/2022,308.18
6/07/2022,301.86
7/07/2022,235.46
8/07/2022,312.06
9/07/2022,182.15
10/07/2022,200.59
11/07/2022,363.96
12/07/2022,367.43
13/07/2022,344.93
14/07/2022,363.88
15/07/2022,327.95
16/07/2022,175.66
17/07/2022,215.07
18/07/2022,377.37
19/07/2022,359.76
20/07/2022,325.21
21/07/2022,354.09
22/07/2022,333.04
23/07/2022,308.84
24/07/2022,239.45
25/07/2022,289.61
26/07/2022,315.12
27/07/2022,374.09
28/07/2022,425.46
29/07/2022,396.99
30/07/2022,368.79
31/07/2022,316.87
1/08/2022,404.33
2/08/2022,333.21
3/08/2022,317.55
4/08/2022,375.7
5/08/2022,371.06
6/08/2022,269.41
7/08/2022,214.14
8/08/2022,358.45
9/08/2022,342.08
10/08/2022,333
11/08/2022,368.15
12/08/2022,430.19
13/08/2022,364.62
14/08/2022,318.19
15/08/2022,428.68
16/08/2022,454.79
17/08/2022,539.52
18/08/2022,512.91
19/08/2022,492.24
20/08/2022,456.07
21/08/2022,361.76
22/08/2022,558.23
23/08/2022,603.55
24/08/2022,611.34
25/08/2022,585.85
26/08/2022,693.83
27/08/2022,603.58
28/08/2022,384.54
29/08/2022,630.06
30/08/2022,607.45
31/08/2022,534.47
1/09/2022,534.68
2/09/2022,425.28
3/09/2022,286.35
4/09/2022,250.69
5/09/2022,359.16
6/09/2022,426.85
7/09/2022,443.93
8/09/2022,438.77
9/09/2022,345.08
10/09/2022,404.32
12/09/2022,399.68
13/09/2022,401.16
14/09/2022,417.3
15/09/2022,372.36
16/09/2022,205.82
17/09/2022,100.78
18/09/2022,124.83
19/09/2022,266.68
20/09/2022,350.43
21/09/2022,348.83
22/09/2022,383.93
23/09/2022,371.59
24/09/2022,350.44
25/09/2022,248.07
26/09/2022,246.51
27/09/2022,282.89
28/09/2022,379.51
29/09/2022,405.64
30/09/2022,295.48
1/10/2022,123.55
2/10/2022,189.59
3/10/2022,325.54
4/10/2022,232.59
5/10/2022,139.9
6/10/2022,103.24
7/10/2022,147.52
8/10/2022,151.35
9/10/2022,151.78
10/10/2022,175.07
12/10/2022,254.63
13/10/2022,252.2
14/10/2022,251.59
15/10/2022,155.86
16/10/2022,106.09
17/10/2022,151.61
18/10/2022,166.12
19/10/2022,129.46
20/10/2022,125.59
21/10/2022,148.37
22/10/2022,132.89
23/10/2022,95.06
24/10/2022,77.91
25/10/2022,98.79
26/10/2022,93.92
27/10/2022,122.45
28/10/2022,101.68
29/10/2022,97.94
30/10/2022,116.54
31/10/2022,144.32
1/11/2022,70.42
2/11/2022,73.41
3/11/2022,99.19
4/11/2022,178.79
5/11/2022,135.81
6/11/2022,83.61
7/11/2022,93.83
8/11/2022,89.96
9/11/2022,118.73
10/11/2022,130.13
11/11/2022,112.47
12/11/2022,161.96
13/11/2022,146.84
14/11/2022,173.33
15/11/2022,177.13
16/11/2022,165.84
17/11/2022,149.58
18/11/2022,189.69
19/11/2022,200.19
20/11/2022,210.45
21/11/2022,220.46
22/11/2022,206.35
23/11/2022,178.98
24/11/2022,228.94
25/11/2022,248.3
26/11/2022,239.21
27/11/2022,206.26
28/11/2022,324.05
29/11/2022,368.54
30/11/2022,393.39
1/12/2022,360.39
2/12/2022,341.13
3/12/2022,300.07
4/12/2022,306.39
5/12/2022,351.26
6/12/2022,348.74
7/12/2022,339.85
8/12/2022,368.73
9/12/2022,413.97
10/12/2022,355.66
11/12/2022,328.27
12/12/2022,427.6
13/12/2022,434.49
14/12/2022,437.94
15/12/2022,386.26
16/12/2022,401.62
17/12/2022,268.33
18/12/2022,234.61
19/12/2022,194.63
20/12/2022,199.63
21/12/2022,222.73
22/12/2022,204.79
23/12/2022,184.34
24/12/2022,115.36
25/12/2022,121.61
26/12/2022,77.84
27/12/2022,126.25
28/12/2022,71.09
29/12/2022,65.44
30/12/2022,16.38
31/12/2022,20.13
1/01/2023,18.14
2/01/2023,131.08
3/01/2023,145.86
4/01/2023,99.89
5/01/2023,118.96
6/01/2023,129.62
7/01/2023,86.35
8/01/2023,68.71
9/01/2023,129.06
10/01/2023,130.27
11/01/2023,87.21
12/01/2023,85.52
13/01/2023,80.71
14/01/2023,94.45
15/01/2023,78.18
16/01/2023,133.26
17/01/2023,136.39
18/01/2023,131.8
19/01/2023,145.99
20/01/2023,177.81
21/01/2023,149.04
22/01/2023,151.28
23/01/2023,201.9
24/01/2023,199.73
25/01/2023,175.41
26/01/2023,147.99
27/01/2023,165.63
28/01/2023,139.76
29/01/2023,127.54
30/01/2023,103.28
31/01/2023,135.47
1/02/2023,109.22
2/02/2023,139.25
3/02/2023,138.41
4/02/2023,151.39
5/02/2023,130.84
6/02/2023,166.98
7/02/2023,170.53
8/02/2023,154.26
9/02/2023,142.74
10/02/2023,133.13
11/02/2023,137.67
12/02/2023,142.24
13/02/2023,158.16
14/02/2023,152.14
